<?xml version="1.0" encoding="UTF-8"?>
<beans xmlns="http://www.springframework.org/schema/beans" xmlns:xsi="http://www.w3.org/2001/XMLSchema-instance"
       xmlns:aop="http://www.springframework.org/schema/aop"
       xmlns:tx="http://www.springframework.org/schema/tx" xmlns:context="http://www.springframework.org/schema/context"
       xmlns:task="http://www.springframework.org/schema/task"
       xmlns:mvc="http://www.springframework.org/schema/mvc"
       xsi:schemaLocation="
     http://www.springframework.org/schema/beans
     http://www.springframework.org/schema/beans/spring-beans-4.1.xsd
     http://www.springframework.org/schema/tx
     http://www.springframework.org/schema/tx/spring-tx-4.1.xsd
     http://www.springframework.org/schema/aop 
     http://www.springframework.org/schema/aop/spring-aop-4.1.xsd
     http://www.springframework.org/schema/context
     http://www.springframework.org/schema/context/spring-context-4.1.xsd
     http://www.springframework.org/schema/task
	 http://www.springframework.org/schema/task/spring-task-4.1.xsd
	 http://www.springframework.org/schema/mvc
     http://www.springframework.org/schema/mvc/spring-mvc-4.1.xsd">

    <!-- 自动扫描的包名 -->
    <context:component-scan base-package="com.pay">
        <context:exclude-filter type="annotation" expression="org.springframework.stereotype.Service"/>
    </context:component-scan>
    <!-- 默认的注解映射的支持 -->
    <mvc:annotation-driven/>
    <!-- 静态资源(js/image)的访问 -->
    <mvc:resources location="/img/" mapping="/img/**"/>
    <mvc:resources location="/css/" mapping="/css/**"/>
    <mvc:resources location="/js/" mapping="/js/**"/>

    <bean id="viewResolver"
          class="org.springframework.web.servlet.view.UrlBasedViewResolver">
        <property name="viewClass"
                  value="org.springframework.web.servlet.view.JstlView"/>
        <property name="prefix" value="/WEB-INF/jsps/"/>
        <property name="suffix" value=".jsp"/>
    </bean>

    <aop:aspectj-autoproxy proxy-target-class="true"/>
    <bean class="com.pay.interceptor.LogAspect"/>

</beans>  